<?xml version="1.0" encoding="UTF-8" standalone="yes"?>
<window>
    <defaultcontrol>100</defaultcontrol>
    <coordinates>
        <system>1</system>
        <posx>0</posx>
        <posy>0</posy>
    </coordinates>
    <backgroundcolor>$INFO[Window.Property(background_colour)]</backgroundcolor>
    <controls>

        <control type="image">
            <posx>0</posx>
            <posy>0</posy>
            <width>1920</width>
            <height>1080</height>
            <texture>script.plex/sign_in/plexpass.jpg</texture>
        </control>

        <control type="button" id="100">
            <posx>1436</posx>
            <posy>802</posy>
            <width>275</width>
            <height>100</height>
            <onup>200</onup>
            <font>font13</font>
            <textcolor>FFFFFFFF</textcolor>
            <focusedcolor>FFFFFFFF</focusedcolor>
            <align>center</align>
            <aligny>center</aligny>
            <texturefocus>-</texturefocus>
            <texturenofocus>-</texturenofocus>
            <textoffsetx>0</textoffsetx>
            <textoffsety>0</textoffsety>
            <label> </label>
        </control>

    </controls>
</window>
