<?xml version="1.0" encoding="UTF-8" standalone="yes"?>
<addon id="bowlingbeeg.kodi" name="bowlingbeeg.kodi" version="0.1.0" provider-name="bowlingbeeg">
    <extension point="xbmc.addon.repository" name="Example Repository">
        <dir minversion="20.0.0">
            <info compressed="false">https://raw.githubusercontent.com/bowlingbeeg/bowlingbeeg.kodi/master/nexus/zips/addons.xml</info>
            <checksum>https://raw.githubusercontent.com/bowlingbeeg/bowlingbeeg.kodi/master/nexus/zips/addons.xml.md5</checksum>
            <datadir zip="true">https://raw.githubusercontent.com/bowlingbeeg/bowlingbeeg.kodi/master/nexus/zips/</datadir>
        </dir>
    </extension>
    <extension point="xbmc.addon.metadata">
        <summary>bowlingbeeg.kodi</summary>
        <description>Bowlingbeeg Kodi Repo</description>
        <disclaimer></disclaimer>
        <platform>all</platform>
        <assets>
            <icon>icon.png</icon>
            <fanart>fanart.jpg</fanart>
        </assets>
    </extension>
</addon>